<?xml version="1.0" encoding="UTF-8"?>
<GenRun Id="impl_1" LaunchPart="xc7a100tcsg324-1" LaunchTime="1681440973">
  <File Type="PA-TCL" Name="fib_rec.tcl"/>
  <File Type="REPORTS-TCL" Name="fib_rec_reports.tcl"/>
  <File Type="BITSTR-MSK" Name="fib_rec.msk"/>
  <File Type="RDI-RDI" Name="fib_rec.vdi"/>
  <File Type="BG-BIT" Name="fib_rec.bit"/>
  <File Type="BG-DRC" Name="fib_rec.drc"/>
  <File Type="BG-BGN" Name="fib_rec.bgn"/>
  <File Type="BG-BIN" Name="fib_rec.bin"/>
  <File Type="BITSTR-RBT" Name="fib_rec.rbt"/>
  <File Type="BITSTR-NKY" Name="fib_rec.nky"/>
  <File Type="BITSTR-BMM" Name="fib_rec_bd.bmm"/>
  <File Type="BITSTR-MMI" Name="fib_rec.mmi"/>
  <File Type="BITSTR-SYSDEF" Name="fib_rec.sysdef"/>
  <File Type="BITSTR-LTX" Name="debug_nets.ltx"/>
  <File Type="BITSTR-LTX" Name="fib_rec.ltx"/>
  <File Type="WBT-USG" Name="usage_statistics_webtalk.html"/>
  <File Type="OPT-HWDEF" Name="fib_rec.hwdef"/>
  <File Type="PLACE-PRE-SIMILARITY" Name="fib_rec_incremental_reuse_pre_placed.rpt"/>
  <File Type="ROUTE-DCP" Name="fib_rec_routed.dcp"/>
  <File Type="ROUTE-ERROR-DCP" Name="fib_rec_routed_error.dcp"/>
  <File Type="ROUTE-BLACKBOX-DCP" Name="fib_rec_routed_bb.dcp"/>
  <File Type="ROUTE-TIMING-PB" Name="fib_rec_timing_summary_routed.pb"/>
  <File Type="OPT-DCP" Name="fib_rec_opt.dcp"/>
  <File Type="PLACE-DCP" Name="fib_rec_placed.dcp"/>
  <File Type="PWROPT-DCP" Name="fib_rec_pwropt.dcp"/>
  <File Type="POSTPLACE-PWROPT-DCP" Name="fib_rec_postplace_pwropt.dcp"/>
  <File Type="PHYSOPT-DCP" Name="fib_rec_physopt.dcp"/>
  <File Type="POSTROUTE-PHYSOPT-DCP" Name="fib_rec_postroute_physopt.dcp"/>
  <File Type="POSTROUTE-PHYSOPT-BLACKBOX-DCP" Name="fib_rec_postroute_physopt_bb.dcp"/>
  <File Type="PDI-FILE" Name="fib_rec.pdi"/>
  <File Type="RCFI_FILE" Name="fib_rec.rcfi"/>
  <File Type="CFI_FILE" Name="fib_rec.cfi"/>
  <File Type="RNPI_FILE" Name="fib_rec.rnpi"/>
  <File Type="NPI_FILE" Name="fib_rec.npi"/>
  <File Type="RBD_FILE" Name="fib_rec.rbd"/>
  <File Type="ROUTE-RQS" Name="fib_rec_routed.rqs"/>
  <File Type="POSTROUTE-PHYSOPT-RQS" Name="fib_rec_postroute_physopted.rqs"/>
  <File Type="ROUTE-RQS-RPT" Name="route_report_qor_suggestions_0.rpt"/>
  <File Type="POSTROUTE-PHYSOPT-RQS-RPT" Name="postroute_physopt_report_qor_suggestions_0.rpt"/>
  <FileSet Name="sources" Type="DesignSrcs" RelSrcDir="$PSRCDIR/sources_1" RelGenDir="$PGENDIR/sources_1">
    <Filter Type="Srcs"/>
    <File Path="$PSRCDIR/sources_1/new/fib_rec.sv">
      <FileInfo>
        <Attr Name="ImportPath" Val="$PPRDIR/../../Guia 1/video_2/video_2.srcs/sources_1/new/fib_rec.sv"/>
        <Attr Name="ImportTime" Val="1681440869"/>
        <Attr Name="UsedIn" Val="synthesis"/>
        <Attr Name="UsedIn" Val="implementation"/>
        <Attr Name="UsedIn" Val="simulation"/>
      </FileInfo>
    </File>
    <Config>
      <Option Name="DesignMode" Val="RTL"/>
      <Option Name="TopModule" Val="fib_rec"/>
      <Option Name="TopAutoSet" Val="TRUE"/>
    </Config>
  </FileSet>
  <FileSet Name="constrs_in" Type="Constrs" RelSrcDir="$PSRCDIR/constrs_1">
    <Filter Type="Constrs"/>
    <Config>
      <Option Name="ConstrsType" Val="XDC"/>
    </Config>
  </FileSet>
  <FileSet Name="utils" Type="Utils" RelSrcDir="$PSRCDIR/utils_1">
    <Filter Type="Utils"/>
    <Config>
      <Option Name="TopAutoSet" Val="TRUE"/>
    </Config>
  </FileSet>
  <Strategy Version="1" Minor="2">
    <StratHandle Name="Vivado Implementation Defaults" Flow="Vivado Implementation 2022"/>
    <Step Id="init_design"/>
    <Step Id="opt_design"/>
    <Step Id="power_opt_design"/>
    <Step Id="place_design"/>
    <Step Id="post_place_power_opt_design"/>
    <Step Id="phys_opt_design"/>
    <Step Id="route_design"/>
    <Step Id="post_route_phys_opt_design"/>
    <Step Id="write_bitstream"/>
    <Step Id="write_device_image"/>
  </Strategy>
</GenRun>
